team,team_name,year,city,state,stadium,max_capacity,new_stadium
San Francisco,49ers,2000,San Francisco,California,Candlestick Park,64450,0
San Francisco,49ers,2001,San Francisco,California,Candlestick Park,64450,0
San Francisco,49ers,2002,San Francisco,California,Candlestick Park,64450,0
San Francisco,49ers,2003,San Francisco,California,Candlestick Park,64450,0
San Francisco,49ers,2004,San Francisco,California,Candlestick Park,64450,0
San Francisco,49ers,2005,San Francisco,California,Candlestick Park,64450,0
San Francisco,49ers,2006,San Francisco,California,Candlestick Park,64450,0
San Francisco,49ers,2007,San Francisco,California,Candlestick Park,64450,0
San Francisco,49ers,2008,San Francisco,California,Candlestick Park,64450,0
San Francisco,49ers,2009,San Francisco,California,Candlestick Park,64450,0
San Francisco,49ers,2010,San Francisco,California,Candlestick Park,64450,0
San Francisco,49ers,2011,San Francisco,California,Candlestick Park,64450,0
San Francisco,49ers,2012,San Francisco,California,Candlestick Park,64450,0
San Francisco,49ers,2013,San Francisco,California,Candlestick Park,64450,0
San Francisco,49ers,2014,Santa Clara,California,Levi's Stadium,68983,1
San Francisco,49ers,2015,Santa Clara,California,Levi's Stadium,68983,0
San Francisco,49ers,2016,Santa Clara,California,Levi's Stadium,68983,0
San Francisco,49ers,2017,Santa Clara,California,Levi's Stadium,68983,0
San Francisco,49ers,2018,Santa Clara,California,Levi's Stadium,68983,0
San Francisco,49ers,2019,Santa Clara,California,Levi's Stadium,68983,0
Chicago,Bears,2000,Chicago,Illinois,Soldier Field,61500,0
Chicago,Bears,2001,Chicago,Illinois,Soldier Field,61500,0
Chicago,Bears,2002,Champaign,Illinois,Memorial Stadium,69249,1
Chicago,Bears,2003,Chicago,Illinois,Soldier Field,63000,1
Chicago,Bears,2004,Chicago,Illinois,Soldier Field,63000,0
Chicago,Bears,2005,Chicago,Illinois,Soldier Field,63000,0
Chicago,Bears,2006,Chicago,Illinois,Soldier Field,63000,0
Chicago,Bears,2007,Chicago,Illinois,Soldier Field,63000,0
Chicago,Bears,2008,Chicago,Illinois,Soldier Field,63000,0
Chicago,Bears,2009,Chicago,Illinois,Soldier Field,63000,0
Chicago,Bears,2010,Chicago,Illinois,Soldier Field,63000,0
Chicago,Bears,2011,Chicago,Illinois,Soldier Field,63000,0
Chicago,Bears,2012,Chicago,Illinois,Soldier Field,63000,0
Chicago,Bears,2013,Chicago,Illinois,Soldier Field,63000,0
Chicago,Bears,2014,Chicago,Illinois,Soldier Field,63000,0
Chicago,Bears,2015,Chicago,Illinois,Soldier Field,63000,0
Chicago,Bears,2016,Chicago,Illinois,Soldier Field,63000,0
Chicago,Bears,2017,Chicago,Illinois,Soldier Field,63000,0
Chicago,Bears,2018,Chicago,Illinois,Soldier Field,63000,0
Chicago,Bears,2019,Chicago,Illinois,Soldier Field,63000,0
Cincinnati,Bengals,2000,Cincinnati,Ohio,Paul Brown Stadium,65515,1
Cincinnati,Bengals,2001,Cincinnati,Ohio,Paul Brown Stadium,65515,0
Cincinnati,Bengals,2002,Cincinnati,Ohio,Paul Brown Stadium,65515,0
Cincinnati,Bengals,2003,Cincinnati,Ohio,Paul Brown Stadium,65515,0
Cincinnati,Bengals,2004,Cincinnati,Ohio,Paul Brown Stadium,65515,0
Cincinnati,Bengals,2005,Cincinnati,Ohio,Paul Brown Stadium,65515,0
Cincinnati,Bengals,2006,Cincinnati,Ohio,Paul Brown Stadium,65515,0
Cincinnati,Bengals,2007,Cincinnati,Ohio,Paul Brown Stadium,65515,0
Cincinnati,Bengals,2008,Cincinnati,Ohio,Paul Brown Stadium,65515,0
Cincinnati,Bengals,2009,Cincinnati,Ohio,Paul Brown Stadium,65515,0
Cincinnati,Bengals,2010,Cincinnati,Ohio,Paul Brown Stadium,65515,0
Cincinnati,Bengals,2011,Cincinnati,Ohio,Paul Brown Stadium,65515,0
Cincinnati,Bengals,2012,Cincinnati,Ohio,Paul Brown Stadium,65515,0
Cincinnati,Bengals,2013,Cincinnati,Ohio,Paul Brown Stadium,65515,0
Cincinnati,Bengals,2014,Cincinnati,Ohio,Paul Brown Stadium,65515,0
Cincinnati,Bengals,2015,Cincinnati,Ohio,Paul Brown Stadium,65515,0
Cincinnati,Bengals,2016,Cincinnati,Ohio,Paul Brown Stadium,65515,0
Cincinnati,Bengals,2017,Cincinnati,Ohio,Paul Brown Stadium,65515,0
Cincinnati,Bengals,2018,Cincinnati,Ohio,Paul Brown Stadium,65515,0
Cincinnati,Bengals,2019,Cincinnati,Ohio,Paul Brown Stadium,65515,0
Buffalo,Bills,2000,Orchard Park,New York,New Era Field,73039,0
Buffalo,Bills,2001,Orchard Park,New York,New Era Field,73039,0
Buffalo,Bills,2002,Orchard Park,New York,New Era Field,73039,0
Buffalo,Bills,2003,Orchard Park,New York,New Era Field,73039,0
Buffalo,Bills,2004,Orchard Park,New York,New Era Field,73039,0
Buffalo,Bills,2005,Orchard Park,New York,New Era Field,73039,0
Buffalo,Bills,2006,Orchard Park,New York,New Era Field,73039,0
Buffalo,Bills,2007,Orchard Park,New York,New Era Field,73039,0
Buffalo,Bills,2008,Orchard Park,New York,New Era Field,73039,0
Buffalo,Bills,2009,Orchard Park,New York,New Era Field,73039,0
Buffalo,Bills,2010,Orchard Park,New York,New Era Field,73039,0
Buffalo,Bills,2011,Orchard Park,New York,New Era Field,73039,0
Buffalo,Bills,2012,Orchard Park,New York,New Era Field,73039,0
Buffalo,Bills,2013,Orchard Park,New York,New Era Field,73039,0
Buffalo,Bills,2014,Orchard Park,New York,New Era Field,73039,0
Buffalo,Bills,2015,Orchard Park,New York,New Era Field,73039,0
Buffalo,Bills,2016,Orchard Park,New York,New Era Field,73039,0
Buffalo,Bills,2017,Orchard Park,New York,New Era Field,73039,0
Buffalo,Bills,2018,Orchard Park,New York,New Era Field,73039,0
Buffalo,Bills,2019,Orchard Park,New York,New Era Field,73039,0
Denver,Broncos,2000,Denver,Colorado,Mile High Stadium,76273,0
Denver,Broncos,2001,Denver,Colorado,Empower Field,76125,1
Denver,Broncos,2002,Denver,Colorado,Empower Field,76125,0
Denver,Broncos,2003,Denver,Colorado,Empower Field,76125,0
Denver,Broncos,2004,Denver,Colorado,Empower Field,76125,0
Denver,Broncos,2005,Denver,Colorado,Empower Field,76125,0
Denver,Broncos,2006,Denver,Colorado,Empower Field,76125,0
Denver,Broncos,2007,Denver,Colorado,Empower Field,76125,0
Denver,Broncos,2008,Denver,Colorado,Empower Field,76125,0
Denver,Broncos,2009,Denver,Colorado,Empower Field,76125,0
Denver,Broncos,2010,Denver,Colorado,Empower Field,76125,0
Denver,Broncos,2011,Denver,Colorado,Empower Field,76125,0
Denver,Broncos,2012,Denver,Colorado,Empower Field,76125,0
Denver,Broncos,2013,Denver,Colorado,Empower Field,76125,0
Denver,Broncos,2014,Denver,Colorado,Empower Field,76125,0
Denver,Broncos,2015,Denver,Colorado,Empower Field,76125,0
Denver,Broncos,2016,Denver,Colorado,Empower Field,76125,0
Denver,Broncos,2017,Denver,Colorado,Empower Field,76125,0
Denver,Broncos,2018,Denver,Colorado,Empower Field,76125,0
Denver,Broncos,2019,Denver,Colorado,Empower Field,76125,0
Cleveland,Browns,2000,Cleveland,Ohio,FirstEnergy Stadium,67895,0
Cleveland,Browns,2001,Cleveland,Ohio,FirstEnergy Stadium,67895,0
Cleveland,Browns,2002,Cleveland,Ohio,FirstEnergy Stadium,67895,0
Cleveland,Browns,2003,Cleveland,Ohio,FirstEnergy Stadium,67895,0
Cleveland,Browns,2004,Cleveland,Ohio,FirstEnergy Stadium,67895,0
Cleveland,Browns,2005,Cleveland,Ohio,FirstEnergy Stadium,67895,0
Cleveland,Browns,2006,Cleveland,Ohio,FirstEnergy Stadium,67895,0
Cleveland,Browns,2007,Cleveland,Ohio,FirstEnergy Stadium,67895,0
Cleveland,Browns,2008,Cleveland,Ohio,FirstEnergy Stadium,67895,0
Cleveland,Browns,2009,Cleveland,Ohio,FirstEnergy Stadium,67895,0
Cleveland,Browns,2010,Cleveland,Ohio,FirstEnergy Stadium,67895,0
Cleveland,Browns,2011,Cleveland,Ohio,FirstEnergy Stadium,67895,0
Cleveland,Browns,2012,Cleveland,Ohio,FirstEnergy Stadium,67895,0
Cleveland,Browns,2013,Cleveland,Ohio,FirstEnergy Stadium,67895,0
Cleveland,Browns,2014,Cleveland,Ohio,FirstEnergy Stadium,67895,0
Cleveland,Browns,2015,Cleveland,Ohio,FirstEnergy Stadium,67895,0
Cleveland,Browns,2016,Cleveland,Ohio,FirstEnergy Stadium,67895,0
Cleveland,Browns,2017,Cleveland,Ohio,FirstEnergy Stadium,67895,0
Cleveland,Browns,2018,Cleveland,Ohio,FirstEnergy Stadium,67895,0
Cleveland,Browns,2019,Cleveland,Ohio,FirstEnergy Stadium,67895,0
Tampa Bay,Buccaneers,2000,Tampa,Florida,Raymond James Stadium,65657,0
Tampa Bay,Buccaneers,2001,Tampa,Florida,Raymond James Stadium,65657,0
Tampa Bay,Buccaneers,2002,Tampa,Florida,Raymond James Stadium,65657,0
Tampa Bay,Buccaneers,2003,Tampa,Florida,Raymond James Stadium,65657,0
Tampa Bay,Buccaneers,2004,Tampa,Florida,Raymond James Stadium,65657,0
Tampa Bay,Buccaneers,2005,Tampa,Florida,Raymond James Stadium,65657,0
Tampa Bay,Buccaneers,2006,Tampa,Florida,Raymond James Stadium,65657,0
Tampa Bay,Buccaneers,2007,Tampa,Florida,Raymond James Stadium,65657,0
Tampa Bay,Buccaneers,2008,Tampa,Florida,Raymond James Stadium,65657,0
Tampa Bay,Buccaneers,2009,Tampa,Florida,Raymond James Stadium,65657,0
Tampa Bay,Buccaneers,2010,Tampa,Florida,Raymond James Stadium,65657,0
Tampa Bay,Buccaneers,2011,Tampa,Florida,Raymond James Stadium,65657,0
Tampa Bay,Buccaneers,2012,Tampa,Florida,Raymond James Stadium,65657,0
Tampa Bay,Buccaneers,2013,Tampa,Florida,Raymond James Stadium,65657,0
Tampa Bay,Buccaneers,2014,Tampa,Florida,Raymond James Stadium,65657,0
Tampa Bay,Buccaneers,2015,Tampa,Florida,Raymond James Stadium,65657,0
Tampa Bay,Buccaneers,2016,Tampa,Florida,Raymond James Stadium,65657,0
Tampa Bay,Buccaneers,2017,Tampa,Florida,Raymond James Stadium,65657,0
Tampa Bay,Buccaneers,2018,Tampa,Florida,Raymond James Stadium,65657,0
Tampa Bay,Buccaneers,2019,Tampa,Florida,Raymond James Stadium,65657,0
Arizona,Cardinals,2000,Tempe,Arizona,Sun Devil Stadium,73379,0
Arizona,Cardinals,2001,Tempe,Arizona,Sun Devil Stadium,73379,0
Arizona,Cardinals,2002,Tempe,Arizona,Sun Devil Stadium,73379,0
Arizona,Cardinals,2003,Tempe,Arizona,Sun Devil Stadium,73379,0
Arizona,Cardinals,2004,Tempe,Arizona,Sun Devil Stadium,73379,0
Arizona,Cardinals,2005,Tempe,Arizona,Sun Devil Stadium,73379,0
Arizona,Cardinals,2006,Glendale,Arizona,State Farm Stadium,63000,1
Arizona,Cardinals,2007,Glendale,Arizona,State Farm Stadium,63000,0
Arizona,Cardinals,2008,Glendale,Arizona,State Farm Stadium,63000,0
Arizona,Cardinals,2009,Glendale,Arizona,State Farm Stadium,63000,0
Arizona,Cardinals,2010,Glendale,Arizona,State Farm Stadium,63000,0
Arizona,Cardinals,2011,Glendale,Arizona,State Farm Stadium,63000,0
Arizona,Cardinals,2012,Glendale,Arizona,State Farm Stadium,63000,0
Arizona,Cardinals,2013,Glendale,Arizona,State Farm Stadium,63000,0
Arizona,Cardinals,2014,Glendale,Arizona,State Farm Stadium,63000,0
Arizona,Cardinals,2015,Glendale,Arizona,State Farm Stadium,63000,0
Arizona,Cardinals,2016,Glendale,Arizona,State Farm Stadium,63000,0
Arizona,Cardinals,2017,Glendale,Arizona,State Farm Stadium,63000,0
Arizona,Cardinals,2018,Glendale,Arizona,State Farm Stadium,63000,0
Arizona,Cardinals,2019,Glendale,Arizona,State Farm Stadium,63000,0
Los Angeles,Chargers,2017,Carson,California,StubHub Center,30000,1
Los Angeles,Chargers,2018,Carson,California,StubHub Center,30000,0
Los Angeles,Chargers,2019,Carson,California,StubHub Center,30000,0
San Diego,Chargers,2000,San Diego,California,Qualcomm Stadium,71294,0
San Diego,Chargers,2001,San Diego,California,Qualcomm Stadium,71294,0
San Diego,Chargers,2002,San Diego,California,Qualcomm Stadium,71294,0
San Diego,Chargers,2003,San Diego,California,Qualcomm Stadium,71294,0
San Diego,Chargers,2004,San Diego,California,Qualcomm Stadium,71294,0
San Diego,Chargers,2005,San Diego,California,Qualcomm Stadium,71294,0
San Diego,Chargers,2006,San Diego,California,Qualcomm Stadium,71294,0
San Diego,Chargers,2007,San Diego,California,Qualcomm Stadium,71294,0
San Diego,Chargers,2008,San Diego,California,Qualcomm Stadium,71294,0
San Diego,Chargers,2009,San Diego,California,Qualcomm Stadium,71294,0
San Diego,Chargers,2010,San Diego,California,Qualcomm Stadium,71294,0
San Diego,Chargers,2011,San Diego,California,Qualcomm Stadium,71294,0
San Diego,Chargers,2012,San Diego,California,Qualcomm Stadium,71294,0
San Diego,Chargers,2013,San Diego,California,Qualcomm Stadium,71294,0
San Diego,Chargers,2014,San Diego,California,Qualcomm Stadium,71294,0
San Diego,Chargers,2015,San Diego,California,Qualcomm Stadium,71294,0
San Diego,Chargers,2016,San Diego,California,Qualcomm Stadium,71294,0
Kansas City,Chiefs,2000,Kansas City,Missouri,Arrowhead Stadium,79409,0
Kansas City,Chiefs,2001,Kansas City,Missouri,Arrowhead Stadium,79409,0
Kansas City,Chiefs,2002,Kansas City,Missouri,Arrowhead Stadium,79409,0
Kansas City,Chiefs,2003,Kansas City,Missouri,Arrowhead Stadium,79409,0
Kansas City,Chiefs,2004,Kansas City,Missouri,Arrowhead Stadium,79409,0
Kansas City,Chiefs,2005,Kansas City,Missouri,Arrowhead Stadium,79409,0
Kansas City,Chiefs,2006,Kansas City,Missouri,Arrowhead Stadium,79409,0
Kansas City,Chiefs,2007,Kansas City,Missouri,Arrowhead Stadium,79409,0
Kansas City,Chiefs,2008,Kansas City,Missouri,Arrowhead Stadium,79409,0
Kansas City,Chiefs,2009,Kansas City,Missouri,Arrowhead Stadium,79409,0
Kansas City,Chiefs,2010,Kansas City,Missouri,Arrowhead Stadium,79409,0
Kansas City,Chiefs,2011,Kansas City,Missouri,Arrowhead Stadium,79409,0
Kansas City,Chiefs,2012,Kansas City,Missouri,Arrowhead Stadium,79409,0
Kansas City,Chiefs,2013,Kansas City,Missouri,Arrowhead Stadium,79409,0
Kansas City,Chiefs,2014,Kansas City,Missouri,Arrowhead Stadium,79409,0
Kansas City,Chiefs,2015,Kansas City,Missouri,Arrowhead Stadium,79409,0
Kansas City,Chiefs,2016,Kansas City,Missouri,Arrowhead Stadium,79409,0
Kansas City,Chiefs,2017,Kansas City,Missouri,Arrowhead Stadium,79409,0
Kansas City,Chiefs,2018,Kansas City,Missouri,Arrowhead Stadium,79409,0
Kansas City,Chiefs,2019,Kansas City,Missouri,Arrowhead Stadium,79409,0
Indianapolis,Colts,2000,Indianapolis,Indiana,RCA Dome,57980,0
Indianapolis,Colts,2001,Indianapolis,Indiana,RCA Dome,57980,0
Indianapolis,Colts,2002,Indianapolis,Indiana,RCA Dome,57980,0
Indianapolis,Colts,2003,Indianapolis,Indiana,RCA Dome,57980,0
Indianapolis,Colts,2004,Indianapolis,Indiana,RCA Dome,57980,0
Indianapolis,Colts,2005,Indianapolis,Indiana,RCA Dome,57980,0
Indianapolis,Colts,2006,Indianapolis,Indiana,RCA Dome,57980,0
Indianapolis,Colts,2007,Indianapolis,Indiana,RCA Dome,57980,0
Indianapolis,Colts,2008,Indianapolis,Indiana,Lucas Oil Stadium,67000,1
Indianapolis,Colts,2009,Indianapolis,Indiana,Lucas Oil Stadium,67000,0
Indianapolis,Colts,2010,Indianapolis,Indiana,Lucas Oil Stadium,67000,0
Indianapolis,Colts,2011,Indianapolis,Indiana,Lucas Oil Stadium,67000,0
Indianapolis,Colts,2012,Indianapolis,Indiana,Lucas Oil Stadium,67000,0
Indianapolis,Colts,2013,Indianapolis,Indiana,Lucas Oil Stadium,67000,0
Indianapolis,Colts,2014,Indianapolis,Indiana,Lucas Oil Stadium,67000,0
Indianapolis,Colts,2015,Indianapolis,Indiana,Lucas Oil Stadium,67000,0
Indianapolis,Colts,2016,Indianapolis,Indiana,Lucas Oil Stadium,67000,0
Indianapolis,Colts,2017,Indianapolis,Indiana,Lucas Oil Stadium,67000,0
Indianapolis,Colts,2018,Indianapolis,Indiana,Lucas Oil Stadium,67000,0
Indianapolis,Colts,2019,Indianapolis,Indiana,Lucas Oil Stadium,67000,0
Dallas,Cowboys,2000,Irving,Texas,Texas Stadium,65675,0
Dallas,Cowboys,2001,Irving,Texas,Texas Stadium,65675,0
Dallas,Cowboys,2002,Irving,Texas,Texas Stadium,65675,0
Dallas,Cowboys,2003,Irving,Texas,Texas Stadium,65675,0
Dallas,Cowboys,2004,Irving,Texas,Texas Stadium,65675,0
Dallas,Cowboys,2005,Irving,Texas,Texas Stadium,65675,0
Dallas,Cowboys,2006,Irving,Texas,Texas Stadium,65675,0
Dallas,Cowboys,2007,Irving,Texas,Texas Stadium,65675,0
Dallas,Cowboys,2008,Irving,Texas,Texas Stadium,65675,0
Dallas,Cowboys,2009,Arlington,Texas,AT&T Stadium,80000,1
Dallas,Cowboys,2010,Arlington,Texas,AT&T Stadium,80000,0
Dallas,Cowboys,2011,Arlington,Texas,AT&T Stadium,80000,0
Dallas,Cowboys,2012,Arlington,Texas,AT&T Stadium,80000,0
Dallas,Cowboys,2013,Arlington,Texas,AT&T Stadium,80000,0
Dallas,Cowboys,2014,Arlington,Texas,AT&T Stadium,80000,0
Dallas,Cowboys,2015,Arlington,Texas,AT&T Stadium,80000,0
Dallas,Cowboys,2016,Arlington,Texas,AT&T Stadium,80000,0
Dallas,Cowboys,2017,Arlington,Texas,AT&T Stadium,80000,0
Dallas,Cowboys,2018,Arlington,Texas,AT&T Stadium,80000,0
Dallas,Cowboys,2019,Arlington,Texas,AT&T Stadium,80000,0
Miami,Dolphins,2000,Miami,Florida,Hard Rock Stadium,65000,0
Miami,Dolphins,2001,Miami,Florida,Hard Rock Stadium,65000,0
Miami,Dolphins,2002,Miami,Florida,Hard Rock Stadium,65000,0
Miami,Dolphins,2003,Miami,Florida,Hard Rock Stadium,65000,0
Miami,Dolphins,2004,Miami,Florida,Hard Rock Stadium,65000,0
Miami,Dolphins,2005,Miami,Florida,Hard Rock Stadium,65000,0
Miami,Dolphins,2006,Miami,Florida,Hard Rock Stadium,65000,0
Miami,Dolphins,2007,Miami,Florida,Hard Rock Stadium,65000,0
Miami,Dolphins,2008,Miami,Florida,Hard Rock Stadium,65000,0
Miami,Dolphins,2009,Miami,Florida,Hard Rock Stadium,65000,0
Miami,Dolphins,2010,Miami,Florida,Hard Rock Stadium,65000,0
Miami,Dolphins,2011,Miami,Florida,Hard Rock Stadium,65000,0
Miami,Dolphins,2012,Miami,Florida,Hard Rock Stadium,65000,0
Miami,Dolphins,2013,Miami,Florida,Hard Rock Stadium,65000,0
Miami,Dolphins,2014,Miami,Florida,Hard Rock Stadium,65000,0
Miami,Dolphins,2015,Miami,Florida,Hard Rock Stadium,65000,0
Miami,Dolphins,2016,Miami,Florida,Hard Rock Stadium,65000,0
Miami,Dolphins,2017,Miami,Florida,Hard Rock Stadium,65000,0
Miami,Dolphins,2018,Miami,Florida,Hard Rock Stadium,65000,0
Miami,Dolphins,2019,Miami,Florida,Hard Rock Stadium,65000,0
Philadelphia,Eagles,2000,Philadelphia,Pennsylvania,Veterans Stadium,65386,0
Philadelphia,Eagles,2001,Philadelphia,Pennsylvania,Veterans Stadium,65386,0
Philadelphia,Eagles,2002,Philadelphia,Pennsylvania,Veterans Stadium,65386,0
Philadelphia,Eagles,2003,Philadelphia,Pennsylvania,Lincoln Financial Field,68500,1
Philadelphia,Eagles,2004,Philadelphia,Pennsylvania,Lincoln Financial Field,68500,0
Philadelphia,Eagles,2005,Philadelphia,Pennsylvania,Lincoln Financial Field,68500,0
Philadelphia,Eagles,2006,Philadelphia,Pennsylvania,Lincoln Financial Field,68500,0
Philadelphia,Eagles,2007,Philadelphia,Pennsylvania,Lincoln Financial Field,68500,0
Philadelphia,Eagles,2008,Philadelphia,Pennsylvania,Lincoln Financial Field,68500,0
Philadelphia,Eagles,2009,Philadelphia,Pennsylvania,Lincoln Financial Field,68500,0
Philadelphia,Eagles,2010,Philadelphia,Pennsylvania,Lincoln Financial Field,68500,0
Philadelphia,Eagles,2011,Philadelphia,Pennsylvania,Lincoln Financial Field,68500,0
Philadelphia,Eagles,2012,Philadelphia,Pennsylvania,Lincoln Financial Field,68500,0
Philadelphia,Eagles,2013,Philadelphia,Pennsylvania,Lincoln Financial Field,68500,0
Philadelphia,Eagles,2014,Philadelphia,Pennsylvania,Lincoln Financial Field,68500,0
Philadelphia,Eagles,2015,Philadelphia,Pennsylvania,Lincoln Financial Field,68500,0
Philadelphia,Eagles,2016,Philadelphia,Pennsylvania,Lincoln Financial Field,68500,0
Philadelphia,Eagles,2017,Philadelphia,Pennsylvania,Lincoln Financial Field,68500,0
Philadelphia,Eagles,2018,Philadelphia,Pennsylvania,Lincoln Financial Field,68500,0
Philadelphia,Eagles,2019,Philadelphia,Pennsylvania,Lincoln Financial Field,68500,0
Atlanta,Falcons,2000,Atlanta,Georgia,Georgia Dome,71149,0
Atlanta,Falcons,2001,Atlanta,Georgia,Georgia Dome,71149,0
Atlanta,Falcons,2002,Atlanta,Georgia,Georgia Dome,71149,0
Atlanta,Falcons,2003,Atlanta,Georgia,Georgia Dome,71149,0
Atlanta,Falcons,2004,Atlanta,Georgia,Georgia Dome,71149,0
Atlanta,Falcons,2005,Atlanta,Georgia,Georgia Dome,71149,0
Atlanta,Falcons,2006,Atlanta,Georgia,Georgia Dome,71149,0
Atlanta,Falcons,2007,Atlanta,Georgia,Georgia Dome,71149,0
Atlanta,Falcons,2008,Atlanta,Georgia,Georgia Dome,71149,0
Atlanta,Falcons,2009,Atlanta,Georgia,Georgia Dome,71149,0
Atlanta,Falcons,2010,Atlanta,Georgia,Georgia Dome,71149,0
Atlanta,Falcons,2011,Atlanta,Georgia,Georgia Dome,71149,0
Atlanta,Falcons,2012,Atlanta,Georgia,Georgia Dome,71149,0
Atlanta,Falcons,2013,Atlanta,Georgia,Georgia Dome,71149,0
Atlanta,Falcons,2014,Atlanta,Georgia,Georgia Dome,71149,0
Atlanta,Falcons,2015,Atlanta,Georgia,Georgia Dome,71149,0
Atlanta,Falcons,2016,Atlanta,Georgia,Georgia Dome,71149,0
Atlanta,Falcons,2017,Atlanta,Georgia,Mercedes-Benz Stadium,71000,1
Atlanta,Falcons,2018,Atlanta,Georgia,Mercedes-Benz Stadium,71000,0
Atlanta,Falcons,2019,Atlanta,Georgia,Mercedes-Benz Stadium,71000,0
New York,Giants,2000,East Rutherford,New Jersey,Giants Stadium,79469,0
New York,Giants,2001,East Rutherford,New Jersey,Giants Stadium,79469,0
New York,Giants,2002,East Rutherford,New Jersey,Giants Stadium,79469,0
New York,Giants,2003,East Rutherford,New Jersey,Giants Stadium,79469,0
New York,Giants,2004,East Rutherford,New Jersey,Giants Stadium,79469,0
New York,Giants,2005,East Rutherford,New Jersey,Giants Stadium,79469,0
New York,Giants,2006,East Rutherford,New Jersey,Giants Stadium,79469,0
New York,Giants,2007,East Rutherford,New Jersey,Giants Stadium,79469,0
New York,Giants,2008,East Rutherford,New Jersey,Giants Stadium,79469,0
New York,Giants,2009,East Rutherford,New Jersey,Giants Stadium,79469,0
New York,Giants,2010,East Rutherford,New Jersey,MetLife Stadium,82500,1
New York,Giants,2011,East Rutherford,New Jersey,MetLife Stadium,82500,0
New York,Giants,2012,East Rutherford,New Jersey,MetLife Stadium,82500,0
New York,Giants,2013,East Rutherford,New Jersey,MetLife Stadium,82500,0
New York,Giants,2014,East Rutherford,New Jersey,MetLife Stadium,82500,0
New York,Giants,2015,East Rutherford,New Jersey,MetLife Stadium,82500,0
New York,Giants,2016,East Rutherford,New Jersey,MetLife Stadium,82500,0
New York,Giants,2017,East Rutherford,New Jersey,MetLife Stadium,82500,0
New York,Giants,2018,East Rutherford,New Jersey,MetLife Stadium,82500,0
New York,Giants,2019,East Rutherford,New Jersey,MetLife Stadium,82500,0
Jacksonville,Jaguars,2000,Jacksonville,Florida,TIAA Bank Field,67246,0
Jacksonville,Jaguars,2001,Jacksonville,Florida,TIAA Bank Field,67246,0
Jacksonville,Jaguars,2002,Jacksonville,Florida,TIAA Bank Field,67246,0
Jacksonville,Jaguars,2003,Jacksonville,Florida,TIAA Bank Field,67246,0
Jacksonville,Jaguars,2004,Jacksonville,Florida,TIAA Bank Field,67246,0
Jacksonville,Jaguars,2005,Jacksonville,Florida,TIAA Bank Field,67246,0
Jacksonville,Jaguars,2006,Jacksonville,Florida,TIAA Bank Field,67246,0
Jacksonville,Jaguars,2007,Jacksonville,Florida,TIAA Bank Field,67246,0
Jacksonville,Jaguars,2008,Jacksonville,Florida,TIAA Bank Field,67246,0
Jacksonville,Jaguars,2009,Jacksonville,Florida,TIAA Bank Field,67246,0
Jacksonville,Jaguars,2010,Jacksonville,Florida,TIAA Bank Field,67246,0
Jacksonville,Jaguars,2011,Jacksonville,Florida,TIAA Bank Field,67246,0
Jacksonville,Jaguars,2012,Jacksonville,Florida,TIAA Bank Field,67246,0
Jacksonville,Jaguars,2013,Jacksonville,Florida,TIAA Bank Field,67246,0
Jacksonville,Jaguars,2014,Jacksonville,Florida,TIAA Bank Field,67246,0
Jacksonville,Jaguars,2015,Jacksonville,Florida,TIAA Bank Field,67246,0
Jacksonville,Jaguars,2016,Jacksonville,Florida,TIAA Bank Field,67246,0
Jacksonville,Jaguars,2017,Jacksonville,Florida,TIAA Bank Field,67246,0
Jacksonville,Jaguars,2018,Jacksonville,Florida,TIAA Bank Field,67246,0
Jacksonville,Jaguars,2019,Jacksonville,Florida,TIAA Bank Field,67246,0
New York,Jets,2000,East Rutherford,New Jersey,Giants Stadium,79469,0
New York,Jets,2001,East Rutherford,New Jersey,Giants Stadium,79469,0
New York,Jets,2002,East Rutherford,New Jersey,Giants Stadium,79469,0
New York,Jets,2003,East Rutherford,New Jersey,Giants Stadium,79469,0
New York,Jets,2004,East Rutherford,New Jersey,Giants Stadium,79469,0
New York,Jets,2005,East Rutherford,New Jersey,Giants Stadium,79469,0
New York,Jets,2006,East Rutherford,New Jersey,Giants Stadium,79469,0
New York,Jets,2007,East Rutherford,New Jersey,Giants Stadium,79469,0
New York,Jets,2008,East Rutherford,New Jersey,Giants Stadium,79469,0
New York,Jets,2009,East Rutherford,New Jersey,Giants Stadium,79469,0
New York,Jets,2010,East Rutherford,New Jersey,MetLife Stadium,82500,1
New York,Jets,2011,East Rutherford,New Jersey,MetLife Stadium,82500,0
New York,Jets,2012,East Rutherford,New Jersey,MetLife Stadium,82500,0
New York,Jets,2013,East Rutherford,New Jersey,MetLife Stadium,82500,0
New York,Jets,2014,East Rutherford,New Jersey,MetLife Stadium,82500,0
New York,Jets,2015,East Rutherford,New Jersey,MetLife Stadium,82500,0
New York,Jets,2016,East Rutherford,New Jersey,MetLife Stadium,82500,0
New York,Jets,2017,East Rutherford,New Jersey,MetLife Stadium,82500,0
New York,Jets,2018,East Rutherford,New Jersey,MetLife Stadium,82500,0
New York,Jets,2019,East Rutherford,New Jersey,MetLife Stadium,82500,0
Detroit,Lions,2000,Pontiac,Michigan,Pontiac Silverdome,80311,0
Detroit,Lions,2001,Pontiac,Michigan,Pontiac Silverdome,80311,0
Detroit,Lions,2002,Detroit,Michigan,Ford Field,65000,1
Detroit,Lions,2003,Detroit,Michigan,Ford Field,65000,0
Detroit,Lions,2004,Detroit,Michigan,Ford Field,65000,0
Detroit,Lions,2005,Detroit,Michigan,Ford Field,65000,0
Detroit,Lions,2006,Detroit,Michigan,Ford Field,65000,0
Detroit,Lions,2007,Detroit,Michigan,Ford Field,65000,0
Detroit,Lions,2008,Detroit,Michigan,Ford Field,65000,0
Detroit,Lions,2009,Detroit,Michigan,Ford Field,65000,0
Detroit,Lions,2010,Detroit,Michigan,Ford Field,65000,0
Detroit,Lions,2011,Detroit,Michigan,Ford Field,65000,0
Detroit,Lions,2012,Detroit,Michigan,Ford Field,65000,0
Detroit,Lions,2013,Detroit,Michigan,Ford Field,65000,0
Detroit,Lions,2014,Detroit,Michigan,Ford Field,65000,0
Detroit,Lions,2015,Detroit,Michigan,Ford Field,65000,0
Detroit,Lions,2016,Detroit,Michigan,Ford Field,65000,0
Detroit,Lions,2017,Detroit,Michigan,Ford Field,65000,0
Detroit,Lions,2018,Detroit,Michigan,Ford Field,65000,0
Detroit,Lions,2019,Detroit,Michigan,Ford Field,65000,0
Green Bay,Packers,2000,Green Bay,Wisconsin,Lambeau Field,81435,0
Green Bay,Packers,2001,Green Bay,Wisconsin,Lambeau Field,81435,0
Green Bay,Packers,2002,Green Bay,Wisconsin,Lambeau Field,81435,0
Green Bay,Packers,2003,Green Bay,Wisconsin,Lambeau Field,81435,0
Green Bay,Packers,2004,Green Bay,Wisconsin,Lambeau Field,81435,0
Green Bay,Packers,2005,Green Bay,Wisconsin,Lambeau Field,81435,0
Green Bay,Packers,2006,Green Bay,Wisconsin,Lambeau Field,81435,0
Green Bay,Packers,2007,Green Bay,Wisconsin,Lambeau Field,81435,0
Green Bay,Packers,2008,Green Bay,Wisconsin,Lambeau Field,81435,0
Green Bay,Packers,2009,Green Bay,Wisconsin,Lambeau Field,81435,0
Green Bay,Packers,2010,Green Bay,Wisconsin,Lambeau Field,81435,0
Green Bay,Packers,2011,Green Bay,Wisconsin,Lambeau Field,81435,0
Green Bay,Packers,2012,Green Bay,Wisconsin,Lambeau Field,81435,0
Green Bay,Packers,2013,Green Bay,Wisconsin,Lambeau Field,81435,0
Green Bay,Packers,2014,Green Bay,Wisconsin,Lambeau Field,81435,0
Green Bay,Packers,2015,Green Bay,Wisconsin,Lambeau Field,81435,0
Green Bay,Packers,2016,Green Bay,Wisconsin,Lambeau Field,81435,0
Green Bay,Packers,2017,Green Bay,Wisconsin,Lambeau Field,81435,0
Green Bay,Packers,2018,Green Bay,Wisconsin,Lambeau Field,81435,0
Green Bay,Packers,2019,Green Bay,Wisconsin,Lambeau Field,81435,0
Carolina,Panthers,2000,Charlotte,North Carolina,Bank of America Stadium,73779,0
Carolina,Panthers,2001,Charlotte,North Carolina,Bank of America Stadium,73779,0
Carolina,Panthers,2002,Charlotte,North Carolina,Bank of America Stadium,73779,0
Carolina,Panthers,2003,Charlotte,North Carolina,Bank of America Stadium,73779,0
Carolina,Panthers,2004,Charlotte,North Carolina,Bank of America Stadium,73779,0
Carolina,Panthers,2005,Charlotte,North Carolina,Bank of America Stadium,73779,0
Carolina,Panthers,2006,Charlotte,North Carolina,Bank of America Stadium,73779,0
Carolina,Panthers,2007,Charlotte,North Carolina,Bank of America Stadium,73779,0
Carolina,Panthers,2008,Charlotte,North Carolina,Bank of America Stadium,73779,0
Carolina,Panthers,2009,Charlotte,North Carolina,Bank of America Stadium,73779,0
Carolina,Panthers,2010,Charlotte,North Carolina,Bank of America Stadium,73779,0
Carolina,Panthers,2011,Charlotte,North Carolina,Bank of America Stadium,73779,0
Carolina,Panthers,2012,Charlotte,North Carolina,Bank of America Stadium,73779,0
Carolina,Panthers,2013,Charlotte,North Carolina,Bank of America Stadium,73779,0
Carolina,Panthers,2014,Charlotte,North Carolina,Bank of America Stadium,73779,0
Carolina,Panthers,2015,Charlotte,North Carolina,Bank of America Stadium,73779,0
Carolina,Panthers,2016,Charlotte,North Carolina,Bank of America Stadium,73779,0
Carolina,Panthers,2017,Charlotte,North Carolina,Bank of America Stadium,73779,0
Carolina,Panthers,2018,Charlotte,North Carolina,Bank of America Stadium,73779,0
Carolina,Panthers,2019,Charlotte,North Carolina,Bank of America Stadium,73779,0
New England,Patriots,2000,Foxborough,Massachusetts,Foxboro Stadium,60292,0
New England,Patriots,2001,Foxborough,Massachusetts,Foxboro Stadium,60292,0
New England,Patriots,2002,Foxborough,Massachusetts,Gillette Stadium,66829,1
New England,Patriots,2003,Foxborough,Massachusetts,Gillette Stadium,66829,0
New England,Patriots,2004,Foxborough,Massachusetts,Gillette Stadium,66829,0
New England,Patriots,2005,Foxborough,Massachusetts,Gillette Stadium,66829,0
New England,Patriots,2006,Foxborough,Massachusetts,Gillette Stadium,66829,0
New England,Patriots,2007,Foxborough,Massachusetts,Gillette Stadium,66829,0
New England,Patriots,2008,Foxborough,Massachusetts,Gillette Stadium,66829,0
New England,Patriots,2009,Foxborough,Massachusetts,Gillette Stadium,66829,0
New England,Patriots,2010,Foxborough,Massachusetts,Gillette Stadium,66829,0
New England,Patriots,2011,Foxborough,Massachusetts,Gillette Stadium,66829,0
New England,Patriots,2012,Foxborough,Massachusetts,Gillette Stadium,66829,0
New England,Patriots,2013,Foxborough,Massachusetts,Gillette Stadium,66829,0
New England,Patriots,2014,Foxborough,Massachusetts,Gillette Stadium,66829,0
New England,Patriots,2015,Foxborough,Massachusetts,Gillette Stadium,66829,0
New England,Patriots,2016,Foxborough,Massachusetts,Gillette Stadium,66829,0
New England,Patriots,2017,Foxborough,Massachusetts,Gillette Stadium,66829,0
New England,Patriots,2018,Foxborough,Massachusetts,Gillette Stadium,66829,0
New England,Patriots,2019,Foxborough,Massachusetts,Gillette Stadium,66829,0
Oakland,Raiders,2000,Oakland,California,Oakland Coliseum,63146,0
Oakland,Raiders,2001,Oakland,California,Oakland Coliseum,63146,0
Oakland,Raiders,2002,Oakland,California,Oakland Coliseum,63146,0
Oakland,Raiders,2003,Oakland,California,Oakland Coliseum,63146,0
Oakland,Raiders,2004,Oakland,California,Oakland Coliseum,63146,0
Oakland,Raiders,2005,Oakland,California,Oakland Coliseum,63146,0
Oakland,Raiders,2006,Oakland,California,Oakland Coliseum,63146,0
Oakland,Raiders,2007,Oakland,California,Oakland Coliseum,63146,0
Oakland,Raiders,2008,Oakland,California,Oakland Coliseum,63146,0
Oakland,Raiders,2009,Oakland,California,Oakland Coliseum,63146,0
Oakland,Raiders,2010,Oakland,California,Oakland Coliseum,63146,0
Oakland,Raiders,2011,Oakland,California,Oakland Coliseum,63146,0
Oakland,Raiders,2012,Oakland,California,Oakland Coliseum,63146,0
Oakland,Raiders,2013,Oakland,California,Oakland Coliseum,63146,0
Oakland,Raiders,2014,Oakland,California,Oakland Coliseum,63146,0
Oakland,Raiders,2015,Oakland,California,Oakland Coliseum,63146,0
Oakland,Raiders,2016,Oakland,California,Oakland Coliseum,63146,0
Oakland,Raiders,2017,Oakland,California,Oakland Coliseum,63146,0
Oakland,Raiders,2018,Oakland,California,Oakland Coliseum,63146,0
Oakland,Raiders,2019,Oakland,California,Oakland Coliseum,63146,0
Los Angeles,Rams,2016,Los Angeles,California,Los Angeles Memorial Coliseum,93607,1
Los Angeles,Rams,2017,Los Angeles,California,Los Angeles Memorial Coliseum,93607,0
Los Angeles,Rams,2018,Los Angeles,California,Los Angeles Memorial Coliseum,93607,0
Los Angeles,Rams,2019,Los Angeles,California,Los Angeles Memorial Coliseum,93607,0
St. Louis,Rams,2000,St. Louis,Missouri,Edward Jones Dome,66000,0
St. Louis,Rams,2001,St. Louis,Missouri,Edward Jones Dome,66000,0
St. Louis,Rams,2002,St. Louis,Missouri,Edward Jones Dome,66000,0
St. Louis,Rams,2003,St. Louis,Missouri,Edward Jones Dome,66000,0
St. Louis,Rams,2004,St. Louis,Missouri,Edward Jones Dome,66000,0
St. Louis,Rams,2005,St. Louis,Missouri,Edward Jones Dome,66000,0
St. Louis,Rams,2006,St. Louis,Missouri,Edward Jones Dome,66000,0
St. Louis,Rams,2007,St. Louis,Missouri,Edward Jones Dome,66000,0
St. Louis,Rams,2008,St. Louis,Missouri,Edward Jones Dome,66000,0
St. Louis,Rams,2009,St. Louis,Missouri,Edward Jones Dome,66000,0
St. Louis,Rams,2010,St. Louis,Missouri,Edward Jones Dome,66000,0
St. Louis,Rams,2011,St. Louis,Missouri,Edward Jones Dome,66000,0
St. Louis,Rams,2012,St. Louis,Missouri,Edward Jones Dome,66000,0
St. Louis,Rams,2013,St. Louis,Missouri,Edward Jones Dome,66000,0
St. Louis,Rams,2014,St. Louis,Missouri,Edward Jones Dome,66000,0
St. Louis,Rams,2015,St. Louis,Missouri,Edward Jones Dome,66000,0
Baltimore,Ravens,2000,Baltimore,Maryland,M&T Bank Stadium,71008,0
Baltimore,Ravens,2001,Baltimore,Maryland,M&T Bank Stadium,71008,0
Baltimore,Ravens,2002,Baltimore,Maryland,M&T Bank Stadium,71008,0
Baltimore,Ravens,2003,Baltimore,Maryland,M&T Bank Stadium,71008,0
Baltimore,Ravens,2004,Baltimore,Maryland,M&T Bank Stadium,71008,0
Baltimore,Ravens,2005,Baltimore,Maryland,M&T Bank Stadium,71008,0
Baltimore,Ravens,2006,Baltimore,Maryland,M&T Bank Stadium,71008,0
Baltimore,Ravens,2007,Baltimore,Maryland,M&T Bank Stadium,71008,0
Baltimore,Ravens,2008,Baltimore,Maryland,M&T Bank Stadium,71008,0
Baltimore,Ravens,2009,Baltimore,Maryland,M&T Bank Stadium,71008,0
Baltimore,Ravens,2010,Baltimore,Maryland,M&T Bank Stadium,71008,0
Baltimore,Ravens,2011,Baltimore,Maryland,M&T Bank Stadium,71008,0
Baltimore,Ravens,2012,Baltimore,Maryland,M&T Bank Stadium,71008,0
Baltimore,Ravens,2013,Baltimore,Maryland,M&T Bank Stadium,71008,0
Baltimore,Ravens,2014,Baltimore,Maryland,M&T Bank Stadium,71008,0
Baltimore,Ravens,2015,Baltimore,Maryland,M&T Bank Stadium,71008,0
Baltimore,Ravens,2016,Baltimore,Maryland,M&T Bank Stadium,71008,0
Baltimore,Ravens,2017,Baltimore,Maryland,M&T Bank Stadium,71008,0
Baltimore,Ravens,2018,Baltimore,Maryland,M&T Bank Stadium,71008,0
Baltimore,Ravens,2019,Baltimore,Maryland,M&T Bank Stadium,71008,0
Washington,Redskins,2000,Landover,Maryland,FedExField,82000,0
Washington,Redskins,2001,Landover,Maryland,FedExField,82000,0
Washington,Redskins,2002,Landover,Maryland,FedExField,82000,0
Washington,Redskins,2003,Landover,Maryland,FedExField,82000,0
Washington,Redskins,2004,Landover,Maryland,FedExField,82000,0
Washington,Redskins,2005,Landover,Maryland,FedExField,82000,0
Washington,Redskins,2006,Landover,Maryland,FedExField,82000,0
Washington,Redskins,2007,Landover,Maryland,FedExField,82000,0
Washington,Redskins,2008,Landover,Maryland,FedExField,82000,0
Washington,Redskins,2009,Landover,Maryland,FedExField,82000,0
Washington,Redskins,2010,Landover,Maryland,FedExField,82000,0
Washington,Redskins,2011,Landover,Maryland,FedExField,82000,0
Washington,Redskins,2012,Landover,Maryland,FedExField,82000,0
Washington,Redskins,2013,Landover,Maryland,FedExField,82000,0
Washington,Redskins,2014,Landover,Maryland,FedExField,82000,0
Washington,Redskins,2015,Landover,Maryland,FedExField,82000,0
Washington,Redskins,2016,Landover,Maryland,FedExField,82000,0
Washington,Redskins,2017,Landover,Maryland,FedExField,82000,0
Washington,Redskins,2018,Landover,Maryland,FedExField,82000,0
Washington,Redskins,2019,Landover,Maryland,FedExField,82000,0
New Orleans,Saints,2000,New Orleans,Louisiana,Mercedes-Benz Superdome,76468,0
New Orleans,Saints,2001,New Orleans,Louisiana,Mercedes-Benz Superdome,76468,0
New Orleans,Saints,2002,New Orleans,Louisiana,Mercedes-Benz Superdome,76468,0
New Orleans,Saints,2003,New Orleans,Louisiana,Mercedes-Benz Superdome,76468,0
New Orleans,Saints,2004,New Orleans,Louisiana,Mercedes-Benz Superdome,76468,0
New Orleans,Saints,2005,Various,Various,Various,80508,1
New Orleans,Saints,2006,New Orleans,Louisiana,Mercedes-Benz Superdome,76468,1
New Orleans,Saints,2007,New Orleans,Louisiana,Mercedes-Benz Superdome,76468,0
New Orleans,Saints,2008,New Orleans,Louisiana,Mercedes-Benz Superdome,76468,0
New Orleans,Saints,2009,New Orleans,Louisiana,Mercedes-Benz Superdome,76468,0
New Orleans,Saints,2010,New Orleans,Louisiana,Mercedes-Benz Superdome,76468,0
New Orleans,Saints,2011,New Orleans,Louisiana,Mercedes-Benz Superdome,76468,0
New Orleans,Saints,2012,New Orleans,Louisiana,Mercedes-Benz Superdome,76468,0
New Orleans,Saints,2013,New Orleans,Louisiana,Mercedes-Benz Superdome,76468,0
New Orleans,Saints,2014,New Orleans,Louisiana,Mercedes-Benz Superdome,76468,0
New Orleans,Saints,2015,New Orleans,Louisiana,Mercedes-Benz Superdome,76468,0
New Orleans,Saints,2016,New Orleans,Louisiana,Mercedes-Benz Superdome,76468,0
New Orleans,Saints,2017,New Orleans,Louisiana,Mercedes-Benz Superdome,76468,0
New Orleans,Saints,2018,New Orleans,Louisiana,Mercedes-Benz Superdome,76468,0
New Orleans,Saints,2019,New Orleans,Louisiana,Mercedes-Benz Superdome,76468,0
Seattle,Seahawks,2000,Seattle,Washington,Husky Stadium,72500,1
Seattle,Seahawks,2001,Seattle,Washington,Husky Stadium,72500,0
Seattle,Seahawks,2002,Seattle,Washington,CenturyLink Field,68000,1
Seattle,Seahawks,2003,Seattle,Washington,CenturyLink Field,68000,0
Seattle,Seahawks,2004,Seattle,Washington,CenturyLink Field,68000,0
Seattle,Seahawks,2005,Seattle,Washington,CenturyLink Field,68000,0
Seattle,Seahawks,2006,Seattle,Washington,CenturyLink Field,68000,0
Seattle,Seahawks,2007,Seattle,Washington,CenturyLink Field,68000,0
Seattle,Seahawks,2008,Seattle,Washington,CenturyLink Field,68000,0
Seattle,Seahawks,2009,Seattle,Washington,CenturyLink Field,68000,0
Seattle,Seahawks,2010,Seattle,Washington,CenturyLink Field,68000,0
Seattle,Seahawks,2011,Seattle,Washington,CenturyLink Field,68000,0
Seattle,Seahawks,2012,Seattle,Washington,CenturyLink Field,68000,0
Seattle,Seahawks,2013,Seattle,Washington,CenturyLink Field,68000,0
Seattle,Seahawks,2014,Seattle,Washington,CenturyLink Field,68000,0
Seattle,Seahawks,2015,Seattle,Washington,CenturyLink Field,68000,0
Seattle,Seahawks,2016,Seattle,Washington,CenturyLink Field,68000,0
Seattle,Seahawks,2017,Seattle,Washington,CenturyLink Field,68000,0
Seattle,Seahawks,2018,Seattle,Washington,CenturyLink Field,68000,0
Seattle,Seahawks,2019,Seattle,Washington,CenturyLink Field,68000,0
Pittsburgh,Steelers,2000,Pittsburgh,Pennsylvania,Three Rivers Stadium,59000,0
Pittsburgh,Steelers,2001,Pittsburgh,Pennsylvania,Heinz Field,68400,1
Pittsburgh,Steelers,2002,Pittsburgh,Pennsylvania,Heinz Field,68400,0
Pittsburgh,Steelers,2003,Pittsburgh,Pennsylvania,Heinz Field,68400,0
Pittsburgh,Steelers,2004,Pittsburgh,Pennsylvania,Heinz Field,68400,0
Pittsburgh,Steelers,2005,Pittsburgh,Pennsylvania,Heinz Field,68400,0
Pittsburgh,Steelers,2006,Pittsburgh,Pennsylvania,Heinz Field,68400,0
Pittsburgh,Steelers,2007,Pittsburgh,Pennsylvania,Heinz Field,68400,0
Pittsburgh,Steelers,2008,Pittsburgh,Pennsylvania,Heinz Field,68400,0
Pittsburgh,Steelers,2009,Pittsburgh,Pennsylvania,Heinz Field,68400,0
Pittsburgh,Steelers,2010,Pittsburgh,Pennsylvania,Heinz Field,68400,0
Pittsburgh,Steelers,2011,Pittsburgh,Pennsylvania,Heinz Field,68400,0
Pittsburgh,Steelers,2012,Pittsburgh,Pennsylvania,Heinz Field,68400,0
Pittsburgh,Steelers,2013,Pittsburgh,Pennsylvania,Heinz Field,68400,0
Pittsburgh,Steelers,2014,Pittsburgh,Pennsylvania,Heinz Field,68400,0
Pittsburgh,Steelers,2015,Pittsburgh,Pennsylvania,Heinz Field,68400,0
Pittsburgh,Steelers,2016,Pittsburgh,Pennsylvania,Heinz Field,68400,0
Pittsburgh,Steelers,2017,Pittsburgh,Pennsylvania,Heinz Field,68400,0
Pittsburgh,Steelers,2018,Pittsburgh,Pennsylvania,Heinz Field,68400,0
Pittsburgh,Steelers,2019,Pittsburgh,Pennsylvania,Heinz Field,68400,0
Houston,Texans,2002,Houston,Texas,Reliant Stadium,71500,1
Houston,Texans,2003,Houston,Texas,Reliant Stadium,71500,0
Houston,Texans,2004,Houston,Texas,Reliant Stadium,71500,0
Houston,Texans,2005,Houston,Texas,Reliant Stadium,71500,0
Houston,Texans,2006,Houston,Texas,Reliant Stadium,71500,0
Houston,Texans,2007,Houston,Texas,Reliant Stadium,71500,0
Houston,Texans,2008,Houston,Texas,Reliant Stadium,71500,0
Houston,Texans,2009,Houston,Texas,Reliant Stadium,71500,0
Houston,Texans,2010,Houston,Texas,Reliant Stadium,71500,0
Houston,Texans,2011,Houston,Texas,Reliant Stadium,71500,0
Houston,Texans,2012,Houston,Texas,Reliant Stadium,71500,0
Houston,Texans,2013,Houston,Texas,Reliant Stadium,71500,0
Houston,Texans,2014,Houston,Texas,NRG Stadium,71500,0
Houston,Texans,2015,Houston,Texas,NRG Stadium,71500,0
Houston,Texans,2016,Houston,Texas,NRG Stadium,71500,0
Houston,Texans,2017,Houston,Texas,NRG Stadium,71500,0
Houston,Texans,2018,Houston,Texas,NRG Stadium,71500,0
Houston,Texans,2019,Houston,Texas,NRG Stadium,71500,0
Tennessee,Titans,2000,Nashville,Tennessee,Nissan Stadium,67000,0
Tennessee,Titans,2001,Nashville,Tennessee,Nissan Stadium,67000,0
Tennessee,Titans,2002,Nashville,Tennessee,Nissan Stadium,67000,0
Tennessee,Titans,2003,Nashville,Tennessee,Nissan Stadium,67000,0
Tennessee,Titans,2004,Nashville,Tennessee,Nissan Stadium,67000,0
Tennessee,Titans,2005,Nashville,Tennessee,Nissan Stadium,67000,0
Tennessee,Titans,2006,Nashville,Tennessee,Nissan Stadium,67000,0
Tennessee,Titans,2007,Nashville,Tennessee,Nissan Stadium,67000,0
Tennessee,Titans,2008,Nashville,Tennessee,Nissan Stadium,67000,0
Tennessee,Titans,2009,Nashville,Tennessee,Nissan Stadium,67000,0
Tennessee,Titans,2010,Nashville,Tennessee,Nissan Stadium,67000,0
Tennessee,Titans,2011,Nashville,Tennessee,Nissan Stadium,67000,0
Tennessee,Titans,2012,Nashville,Tennessee,Nissan Stadium,67000,0
Tennessee,Titans,2013,Nashville,Tennessee,Nissan Stadium,67000,0
Tennessee,Titans,2014,Nashville,Tennessee,Nissan Stadium,67000,0
Tennessee,Titans,2015,Nashville,Tennessee,Nissan Stadium,67000,0
Tennessee,Titans,2016,Nashville,Tennessee,Nissan Stadium,67000,0
Tennessee,Titans,2017,Nashville,Tennessee,Nissan Stadium,67000,0
Tennessee,Titans,2018,Nashville,Tennessee,Nissan Stadium,67000,0
Tennessee,Titans,2019,Nashville,Tennessee,Nissan Stadium,67000,0
Minnesota,Vikings,2000,Minneapolis,Minnesota,Hubrt H. Humphrey Metrodome,64035,0
Minnesota,Vikings,2001,Minneapolis,Minnesota,Hubrt H. Humphrey Metrodome,64035,0
Minnesota,Vikings,2002,Minneapolis,Minnesota,Hubrt H. Humphrey Metrodome,64035,0
Minnesota,Vikings,2003,Minneapolis,Minnesota,Hubrt H. Humphrey Metrodome,64035,0
Minnesota,Vikings,2004,Minneapolis,Minnesota,Hubrt H. Humphrey Metrodome,64035,0
Minnesota,Vikings,2005,Minneapolis,Minnesota,Hubrt H. Humphrey Metrodome,64035,0
Minnesota,Vikings,2006,Minneapolis,Minnesota,Hubrt H. Humphrey Metrodome,64035,0
Minnesota,Vikings,2007,Minneapolis,Minnesota,Hubrt H. Humphrey Metrodome,64035,0
Minnesota,Vikings,2008,Minneapolis,Minnesota,Hubrt H. Humphrey Metrodome,64035,0
Minnesota,Vikings,2009,Minneapolis,Minnesota,Hubrt H. Humphrey Metrodome,64035,0
Minnesota,Vikings,2010,Minneapolis,Minnesota,Hubrt H. Humphrey Metrodome,64035,0
Minnesota,Vikings,2011,Minneapolis,Minnesota,Hubrt H. Humphrey Metrodome,64035,0
Minnesota,Vikings,2012,Minneapolis,Minnesota,Hubrt H. Humphrey Metrodome,64035,0
Minnesota,Vikings,2013,Minneapolis,Minnesota,Hubrt H. Humphrey Metrodome,64035,0
Minnesota,Vikings,2014,Minneapolis,Minnesota,TCF Bank Stadium,50805,1
Minnesota,Vikings,2015,Minneapolis,Minnesota,TCF Bank Stadium,50805,0
Minnesota,Vikings,2016,Minneapolis,Minnesota,U.S. Bank Stadium,65400,1
Minnesota,Vikings,2017,Minneapolis,Minnesota,U.S. Bank Stadium,65400,0
Minnesota,Vikings,2018,Minneapolis,Minnesota,U.S. Bank Stadium,65400,0
Minnesota,Vikings,2019,Minneapolis,Minnesota,U.S. Bank Stadium,65400,0
